kieronpollard55,"
happy",wedding,"anniversary....
mumbai",indians,king
me,in,future,when,my,children,asks,about,thalaivar,mumbai,indians,&amp;,reason,for,csk,banned,for,2,years,:sparkling heart:,url
saffronsinister,i,expect,docile,indians,will,follow,the,mumbai,pattern,or,even,the,post,kamalesh,t,pattern.
nareshlakkoji1,soyabkhatri26,cricketracker,imro45,ro45goat,hey,chokli,fan,this,for,you.,rohit,was,top,scorer,for,mumbai,indians,in,2013,and,2015.,just,your,chokli,don't,have,ipl,trophy,you,start,crying.,rohit,scored,500,runs,in,2013,url
5,days,to,go,a,big,very,match,"between
",india,vs,"pakistan
rohit",sharma,vs,babar,"azam
mumbai",indians,vs,karachi,"kings
2",big,team,opposite,together,28,august,7.30,indian,time,live,from,dubai,"stadium
:India::Pakistan::India::Pakistan::India::Pakistan::India::Pakistan::India::Pakistan::India::Pakistan::India::Pakistan:",,,,,url
paridua2,mumbai,indians?
mikeduncan,i,did,something,similar,a,few,years,back,when,i,was,sick,and,wanted,to,do,nothing,but,lay,still.,i,ended,up,watching,a,netflix,doc,about,the,mumbai,indians,and,actually,figured,out,how,the,game,is,played,for,the,first,time,in,my,life.,health,challenges,are,educational.
dixit nanu,gurkiratsgill,becoz,"
mumbai",indians,have,best,scouting,panel,"

look",out,for,"
sanjay",yadav,arshad,khan,hrithik,shokeen,kumar,kartikeya,"
in",near,furure
,,,,,,,,,,,,,,,,,,,,,,,,,url
repjayapal,as,per,nvc,visa,backlog,report,388800,people,are,waiting,for,interviewindians,are,suffering,the,most,children,have,aged,out,while,waiting,do,something,conduct,monthly,visa,interviews,around,50000,per,month,backlog,can,be,cleared,help,indians,decade,long,wait,mumbai,consulate
"kieronpollard55 
happy wedding anniversary",,,,"
mumbai indians king"
me in future when my children asks about thalaivar mumbai indians &amp; reason for csk banned for 2 years :sparkling heart: url
saffronsinister i expect docile indians will follow the mumbai pattern or even the post kamalesh t pattern,
nareshlakkoji1 soyabkhatri26 cricketracker imro45 ro45goat hey chokli fan this for you, rohit was top scorer for mumbai indians in 2013 and 2015, just your chokli don't have ipl trophy you start crying, rohit scored 500 runs in 2013 url
"5 days to go a big very match between
 india vs pakistan
rohit sharma vs babar azam
mumbai indians vs karachi kings
2 big team opposite together 28 august 7","30 indian time live from dubai stadium
:India::Pakistan::India::Pakistan::India::Pakistan::India::Pakistan::India::Pakistan::India::Pakistan::India::Pakistan:     url"
paridua2 mumbai indians?
mikeduncan i did something similar a few years back when i was sick and wanted to do nothing but lay still, i ended up watching a netflix doc about the mumbai indians and actually figured out how the game is played for the first time in my life, health challenges are educational,
"dixit nanu gurkiratsgill becoz 
mumbai indians have best scouting panel 

look out for 
sanjay yadav arshad khan hrithik shokeen kumar kartikeya 
in near furure"
                         url
repjayapal as per nvc visa backlog report 388800 people are waiting for interviewindians are suffering the most children have aged out while waiting do something conduct monthly visa interviews around 50000 per month backlog can be cleared help indians decade long wait mumbai consulate
